{
  "metadata": {
    "collection_date": "2025-05-24 18:57:28",
    "sources": [
      "FRED",
      "IMF COFER",
      "World Bank",
      "IBKR"
    ]
  },
  "fx_data": {
    "volatilities": {
      "EURUSD": {
        "average": 0.06821953305253896,
        "current": 0.09882036327986489,
        "min": 0.037275156466206404,
        "max": 0.13438927419729527
      },
      "CNHUSD": {
        "average": 0.042143910030397025,
        "current": 0.04390924787885176,
        "min": 0.015207408430435903,
        "max": 0.06797547667527655
      },
      "JPYUSD": {
        "average": 0.0963733585763084,
        "current": 0.13614962945155332,
        "min": 0.04730043652455902,
        "max": 0.16689416197769735
      },
      "CADUSD": {
        "average": 0.05234417260313067,
        "current": 0.05658894057784065,
        "min": 0.029769704758892897,
        "max": 0.08154174896733037
      },
      "MXNUSD": {
        "average": 0.12004736601996345,
        "current": 0.08199611593927399,
        "min": 0.05118664157099988,
        "max": 0.20478102451418018
      },
      "GBPUSD": {
        "average": 0.06948294647977975,
        "current": 0.08313309960242955,
        "min": 0.03581498158107931,
        "max": 0.11025028364631115
      },
      "SGDUSD": {
        "average": 0.04590366722269593,
        "current": 0.0697631751330111,
        "min": 0.026566854678091868,
        "max": 0.08711491715342168
      }
    },
    "correlations": {
      "EURUSD": {
        "EURUSD": 1.0,
        "CNHUSD": 0.5315853660436337,
        "JPYUSD": 0.5167595799141893,
        "CADUSD": 0.5800326750175612,
        "MXNUSD": 0.2911006681271248,
        "GBPUSD": 0.8092348281185889,
        "SGDUSD": 0.8330280629063925
      },
      "CNHUSD": {
        "EURUSD": 0.5315853660436337,
        "CNHUSD": 1.0,
        "JPYUSD": 0.38400949192979217,
        "CADUSD": 0.46903934661835534,
        "MXNUSD": 0.2164073590738692,
        "GBPUSD": 0.4731644391695241,
        "SGDUSD": 0.718408266709446
      },
      "JPYUSD": {
        "EURUSD": 0.5167595799141893,
        "CNHUSD": 0.38400949192979217,
        "JPYUSD": 1.0,
        "CADUSD": 0.32609491724332323,
        "MXNUSD": 0.016469577653311546,
        "GBPUSD": 0.44283260784365075,
        "SGDUSD": 0.6241246027656098
      },
      "CADUSD": {
        "EURUSD": 0.5800326750175612,
        "CNHUSD": 0.46903934661835534,
        "JPYUSD": 0.32609491724332323,
        "CADUSD": 1.0,
        "MXNUSD": 0.37433903892036086,
        "GBPUSD": 0.5914828931737763,
        "SGDUSD": 0.6511732639960185
      },
      "MXNUSD": {
        "EURUSD": 0.2911006681271248,
        "CNHUSD": 0.2164073590738692,
        "JPYUSD": 0.016469577653311546,
        "CADUSD": 0.37433903892036086,
        "MXNUSD": 1.0,
        "GBPUSD": 0.3369036287630345,
        "SGDUSD": 0.31533227861427593
      },
      "GBPUSD": {
        "EURUSD": 0.8092348281185889,
        "CNHUSD": 0.4731644391695241,
        "JPYUSD": 0.44283260784365075,
        "CADUSD": 0.5914828931737763,
        "MXNUSD": 0.3369036287630345,
        "GBPUSD": 1.0,
        "SGDUSD": 0.757949653069465
      },
      "SGDUSD": {
        "EURUSD": 0.8330280629063925,
        "CNHUSD": 0.718408266709446,
        "JPYUSD": 0.6241246027656098,
        "CADUSD": 0.6511732639960185,
        "MXNUSD": 0.31533227861427593,
        "GBPUSD": 0.757949653069465,
        "SGDUSD": 1.0
      }
    },
    "current_rates": {
      "EURUSD": 1.13679,
      "CNHUSD": 0.13943491213160425,
      "JPYUSD": 0.007015033216182279,
      "CADUSD": 0.7284806806923481,
      "MXNUSD": 0.051978699129096896,
      "GBPUSD": 1.354075,
      "SGDUSD": 0.7779134804627029
    }
  },
  "reserve_currency_shares": {
    "USD": 0.59,
    "EUR": 0.205,
    "JPY": 0.055,
    "GBP": 0.049,
    "CNY": 0.028,
    "CAD": 0.021
  },
  "trade_weights": {
    "USD-EUR": 1.8894635489681009,
    "EUR-USD": 1.8894635489681009,
    "USD-CNY": 1.9662227104160044,
    "CNY-USD": 1.9662227104160044,
    "USD-JPY": 1.6977640636806581,
    "JPY-USD": 1.6977640636806581,
    "USD-CAD": 2.0,
    "CAD-USD": 2.0,
    "USD-MXN": 1.932636889697975,
    "MXN-USD": 1.932636889697975,
    "USD-GBP": 1.5880365972482058,
    "GBP-USD": 1.5880365972482058,
    "USD-SGD": 1.415841995042082,
    "SGD-USD": 1.415841995042082,
    "EUR-CNY": 1.8814662373203304,
    "CNY-EUR": 1.8814662373203304,
    "EUR-JPY": 1.635666394115993,
    "JPY-EUR": 1.635666394115993,
    "EUR-CAD": 1.400073652210588,
    "CAD-EUR": 1.400073652210588,
    "EUR-MXN": 1.3599382894943075,
    "MXN-EUR": 1.3599382894943075,
    "EUR-GBP": 1.8967388940841048,
    "GBP-EUR": 1.8967388940841048,
    "EUR-SGD": 1.2920439977636615,
    "SGD-EUR": 1.2920439977636615,
    "CNY-JPY": 1.809219904627163,
    "JPY-CNY": 1.809219904627163,
    "CNY-CAD": 1.5343518137270031,
    "CAD-CNY": 1.5343518137270031,
    "CNY-MXN": 1.4080961708212407,
    "MXN-CNY": 1.4080961708212407,
    "CNY-GBP": 1.5696158986108437,
    "GBP-CNY": 1.5696158986108437,
    "CNY-SGD": 1.64818641376711,
    "SGD-CNY": 1.64818641376711,
    "JPY-CAD": 1.183819962826434,
    "CAD-JPY": 1.183819962826434,
    "JPY-MXN": 1.136358536763026,
    "MXN-JPY": 1.136358536763026,
    "JPY-GBP": 1.2484352672342118,
    "GBP-JPY": 1.2484352672342118,
    "JPY-SGD": 1.344790529847296,
    "SGD-JPY": 1.344790529847296,
    "CAD-MXN": 1.3110361487892548,
    "MXN-CAD": 1.3110361487892548,
    "CAD-GBP": 1.183819962826434,
    "GBP-CAD": 1.183819962826434,
    "CAD-SGD": 0.8113709220012708,
    "SGD-CAD": 0.8113709220012708,
    "MXN-GBP": 1.0581265395947639,
    "GBP-MXN": 1.0581265395947639,
    "MXN-SGD": 0.7467556175934931,
    "SGD-MXN": 0.7467556175934931,
    "GBP-SGD": 1.136358536763026,
    "SGD-GBP": 1.136358536763026
  },
  "trade_volumes": {
    "USA-CAN": 794,
    "USA-CHN": 683,
    "USA-MEX": 588,
    "EUR-GBR": 501,
    "USA-EUR": 485,
    "EUR-CHN": 468,
    "CHN-JPN": 339,
    "USA-JPN": 206,
    "CHN-SGP": 165,
    "EUR-JPN": 156,
    "USA-GBR": 126,
    "CHN-GBR": 116,
    "CHN-CAN": 99,
    "USA-SGP": 58,
    "CHN-MEX": 56,
    "EUR-CAN": 54,
    "EUR-MEX": 45,
    "JPN-SGP": 42,
    "CAN-MEX": 36,
    "EUR-SGP": 33,
    "JPN-GBR": 27,
    "JPN-CAN": 20,
    "CAN-GBR": 20,
    "JPN-MEX": 16,
    "GBR-SGP": 16,
    "MEX-GBR": 11,
    "CAN-SGP": 3,
    "MEX-SGP": 2
  },
  "economic_indicators": {
    "usd_trade_weighted_index": 100.0,
    "global_trade_uncertainty": 0.0
  }
}