{
  "metadata": {
    "collection_date": "2025-05-23 19:33:36",
    "data_source": "IBKR",
    "port": 4001,
    "pairs_collected": 7,
    "original_pairs": [
      "EURUSD",
      "USDCNH",
      "USDJPY",
      "USDCAD",
      "USDMXN",
      "GBPUSD",
      "USDSGD"
    ],
    "standardized_pairs": [
      "EURUSD",
      "CNHUSD",
      "JPYUSD",
      "CADUSD",
      "MXNUSD",
      "GBPUSD",
      "SGDUSD"
    ]
  },
  "volatilities": {
    "EURUSD": {
      "average": 0.06821953305253896,
      "current": 0.09882036327986489,
      "min": 0.037275156466206404,
      "max": 0.13438927419729527
    },
    "CNHUSD": {
      "average": 0.042143910030397025,
      "current": 0.04390924787885176,
      "min": 0.015207408430435903,
      "max": 0.06797547667527655
    },
    "JPYUSD": {
      "average": 0.0963733585763084,
      "current": 0.13614962945155332,
      "min": 0.04730043652455902,
      "max": 0.16689416197769735
    },
    "CADUSD": {
      "average": 0.05234417260313067,
      "current": 0.05658894057784065,
      "min": 0.029769704758892897,
      "max": 0.08154174896733037
    },
    "MXNUSD": {
      "average": 0.12004736601996345,
      "current": 0.08199611593927399,
      "min": 0.05118664157099988,
      "max": 0.20478102451418018
    },
    "GBPUSD": {
      "average": 0.06948294647977975,
      "current": 0.08313309960242955,
      "min": 0.03581498158107931,
      "max": 0.11025028364631115
    },
    "SGDUSD": {
      "average": 0.04590366722269593,
      "current": 0.0697631751330111,
      "min": 0.026566854678091868,
      "max": 0.08711491715342168
    }
  },
  "correlations": {
    "EURUSD": {
      "EURUSD": 1.0,
      "CNHUSD": 0.5315853660436337,
      "JPYUSD": 0.5167595799141893,
      "CADUSD": 0.5800326750175612,
      "MXNUSD": 0.2911006681271248,
      "GBPUSD": 0.8092348281185889,
      "SGDUSD": 0.8330280629063925
    },
    "CNHUSD": {
      "EURUSD": 0.5315853660436337,
      "CNHUSD": 1.0,
      "JPYUSD": 0.38400949192979217,
      "CADUSD": 0.46903934661835534,
      "MXNUSD": 0.2164073590738692,
      "GBPUSD": 0.4731644391695241,
      "SGDUSD": 0.718408266709446
    },
    "JPYUSD": {
      "EURUSD": 0.5167595799141893,
      "CNHUSD": 0.38400949192979217,
      "JPYUSD": 1.0,
      "CADUSD": 0.32609491724332323,
      "MXNUSD": 0.016469577653311546,
      "GBPUSD": 0.44283260784365075,
      "SGDUSD": 0.6241246027656098
    },
    "CADUSD": {
      "EURUSD": 0.5800326750175612,
      "CNHUSD": 0.46903934661835534,
      "JPYUSD": 0.32609491724332323,
      "CADUSD": 1.0,
      "MXNUSD": 0.37433903892036086,
      "GBPUSD": 0.5914828931737763,
      "SGDUSD": 0.6511732639960185
    },
    "MXNUSD": {
      "EURUSD": 0.2911006681271248,
      "CNHUSD": 0.2164073590738692,
      "JPYUSD": 0.016469577653311546,
      "CADUSD": 0.37433903892036086,
      "MXNUSD": 1.0,
      "GBPUSD": 0.3369036287630345,
      "SGDUSD": 0.31533227861427593
    },
    "GBPUSD": {
      "EURUSD": 0.8092348281185889,
      "CNHUSD": 0.4731644391695241,
      "JPYUSD": 0.44283260784365075,
      "CADUSD": 0.5914828931737763,
      "MXNUSD": 0.3369036287630345,
      "GBPUSD": 1.0,
      "SGDUSD": 0.757949653069465
    },
    "SGDUSD": {
      "EURUSD": 0.8330280629063925,
      "CNHUSD": 0.718408266709446,
      "JPYUSD": 0.6241246027656098,
      "CADUSD": 0.6511732639960185,
      "MXNUSD": 0.31533227861427593,
      "GBPUSD": 0.757949653069465,
      "SGDUSD": 1.0
    }
  },
  "current_rates": {
    "EURUSD": 1.13679,
    "CNHUSD": 0.13943491213160425,
    "JPYUSD": 0.007015033216182279,
    "CADUSD": 0.7284806806923481,
    "MXNUSD": 0.051978699129096896,
    "GBPUSD": 1.354075,
    "SGDUSD": 0.7779134804627029
  }
}