pair,rate,volatility
EURUSD,1.13679,0.06821953305253896
CNHUSD,0.13943491213160425,0.042143910030397025
JPYUSD,0.007015033216182279,0.0963733585763084
CADUSD,0.7284806806923481,0.05234417260313067
MXNUSD,0.051978699129096896,0.12004736601996345
GBPUSD,1.354075,0.06948294647977975
SGDUSD,0.7779134804627029,0.04590366722269593
