{
  "metadata": {
    "iterations": 20,
    "rounds_per_iteration": 40,
    "timestamp": "2025-05-24 19:28:37"
  },
  "payoffs": {
    "US": {
      "mean": -6.13620362401012,
      "std": 0.7370947361661756,
      "min": -7.335521006126508,
      "max": -4.1830388062590815,
      "median": -6.206660873379128
    },
    "Eurozone": {
      "mean": -6.614058634292867,
      "std": 1.0053488960615171,
      "min": -8.626123669611331,
      "max": -4.834785310233378,
      "median": -6.7350338583812945
    },
    "China": {
      "mean": 3.4155165918955417,
      "std": 0.17332094223383024,
      "min": 3.1509246797250805,
      "max": 3.8114502503948446,
      "median": 3.4028232140483086
    },
    "Japan": {
      "mean": 12.71934044847826,
      "std": 0.7302709349213754,
      "min": 11.753117815702325,
      "max": 14.445174631670874,
      "median": 12.590255558348298
    },
    "Canada": {
      "mean": 2.51723503779426,
      "std": 0.08364923816443431,
      "min": 2.301629365104187,
      "max": 2.6264753471552154,
      "median": 2.5289103035781824
    },
    "Mexico": {
      "mean": 4.529534667239815,
      "std": 0.2076692845974113,
      "min": 4.092144438621834,
      "max": 5.008074346710605,
      "median": 4.5014666768875
    },
    "UK": {
      "mean": 3.0898403512784762,
      "std": 0.11186404566527584,
      "min": 2.8583558764166024,
      "max": 3.2721415573841264,
      "median": 3.0959089488243547
    },
    "Singapore": {
      "mean": 2.597189327616472,
      "std": 0.0736744406318699,
      "min": 2.418446907982682,
      "max": 2.704016546938946,
      "median": 2.6202689893562994
    }
  },
  "cooperation": {
    "US": {
      "mean": 0.6126785714285714,
      "std": 0.04025548194383731,
      "min": 0.5392857142857143,
      "max": 0.7
    },
    "Eurozone": {
      "mean": 0.6251785714285714,
      "std": 0.028936837443378105,
      "min": 0.5785714285714286,
      "max": 0.6928571428571428
    },
    "China": {
      "mean": 0.3782142857142857,
      "std": 0.02509929261544872,
      "min": 0.31785714285714284,
      "max": 0.42857142857142855
    },
    "Japan": {
      "mean": 0.6039285714285713,
      "std": 0.03747277923604638,
      "min": 0.525,
      "max": 0.7
    },
    "Canada": {
      "mean": 0.6598214285714286,
      "std": 0.03395440745638607,
      "min": 0.5928571428571429,
      "max": 0.725
    },
    "Mexico": {
      "mean": 0.6264285714285714,
      "std": 0.049608158479781346,
      "min": 0.5035714285714286,
      "max": 0.7214285714285714
    },
    "UK": {
      "mean": 0.6080357142857143,
      "std": 0.04169365622475144,
      "min": 0.5178571428571429,
      "max": 0.6785714285714286
    },
    "Singapore": {
      "mean": 0.7294642857142858,
      "std": 0.018961393376424374,
      "min": 0.6928571428571428,
      "max": 0.7678571428571429
    }
  },
  "global_metrics": {
    "mean_cooperation": 0.6054687500000001,
    "std_cooperation": 0.016753789811706676,
    "payoff_variance": 0.39036156480523615
  }
}