{
  "baseline": {
    "metadata": {
      "iterations": 10,
      "rounds_per_iteration": 40,
      "timestamp": "2025-05-24 19:31:19"
    },
    "payoffs": {
      "US": {
        "mean": -6.0234887065394895,
        "std": 0.6804077978775545,
        "min": -7.128085563543662,
        "max": -4.918869880381008,
        "median": -6.112242188436122
      },
      "Eurozone": {
        "mean": -7.070879901439147,
        "std": 0.6131737913822031,
        "min": -7.958399017658472,
        "max": -5.621765951412042,
        "median": -7.192015220111008
      },
      "China": {
        "mean": 3.5412207401288867,
        "std": 0.13494849076486023,
        "min": 3.312683857990793,
        "max": 3.737284684528668,
        "median": 3.5827260979957782
      },
      "Japan": {
        "mean": 13.237696110867187,
        "std": 0.7519831403260822,
        "min": 11.787966983145367,
        "max": 14.646527715414326,
        "median": 13.346992675399719
      },
      "Canada": {
        "mean": 2.515632503997241,
        "std": 0.0835842855821153,
        "min": 2.35667663974807,
        "max": 2.658166048251219,
        "median": 2.5157869559613175
      },
      "Mexico": {
        "mean": 4.488492949651942,
        "std": 0.32622051367786475,
        "min": 3.837949437641188,
        "max": 4.967469006143657,
        "median": 4.625477615988485
      },
      "UK": {
        "mean": 3.0924511631509657,
        "std": 0.11172063521902105,
        "min": 2.905597524378337,
        "max": 3.3105990400373257,
        "median": 3.083317974415456
      },
      "Singapore": {
        "mean": 2.5876471200073707,
        "std": 0.08203127292323596,
        "min": 2.3735376647421003,
        "max": 2.6796864533194453,
        "median": 2.607728030802374
      }
    },
    "cooperation": {
      "US": {
        "mean": 0.6271428571428571,
        "std": 0.02799416848895062,
        "min": 0.5714285714285714,
        "max": 0.675
      },
      "Eurozone": {
        "mean": 0.6499999999999999,
        "std": 0.037012132594376045,
        "min": 0.5892857142857143,
        "max": 0.7214285714285714
      },
      "China": {
        "mean": 0.38392857142857145,
        "std": 0.025617376914898994,
        "min": 0.3392857142857143,
        "max": 0.40714285714285714
      },
      "Japan": {
        "mean": 0.6114285714285714,
        "std": 0.027930306851453084,
        "min": 0.575,
        "max": 0.6607142857142857
      },
      "Canada": {
        "mean": 0.6775,
        "std": 0.03850026504016907,
        "min": 0.6142857142857143,
        "max": 0.7535714285714286
      },
      "Mexico": {
        "mean": 0.6232142857142857,
        "std": 0.060614413655970825,
        "min": 0.525,
        "max": 0.7464285714285714
      },
      "UK": {
        "mean": 0.6025000000000001,
        "std": 0.04420643826043293,
        "min": 0.49642857142857144,
        "max": 0.6678571428571428
      },
      "Singapore": {
        "mean": 0.7232142857142856,
        "std": 0.01884753543136965,
        "min": 0.6857142857142857,
        "max": 0.7464285714285714
      }
    },
    "global_metrics": {
      "mean_cooperation": 0.6123660714285715,
      "std_cooperation": 0.0153846954870609,
      "payoff_variance": 0.3480087409691171
    }
  },
  "trade_war_US-China": {
    "payoffs": {
      "US": {
        "mean": -3.7179346437510725,
        "std": 0.7991045375303728
      },
      "Eurozone": {
        "mean": -7.0334298028223685,
        "std": 0.8175047917546889
      },
      "China": {
        "mean": 3.231023173088608,
        "std": 0.24656044048439868
      },
      "Japan": {
        "mean": 10.044494518467799,
        "std": 0.705768324054831
      },
      "Canada": {
        "mean": 2.0112928371452825,
        "std": 0.07407678576614
      },
      "Mexico": {
        "mean": 3.7359940224936636,
        "std": 0.11581421583335097
      },
      "UK": {
        "mean": 2.785957888062948,
        "std": 0.07630783289554692
      },
      "Singapore": {
        "mean": 2.118431128050487,
        "std": 0.0872812252809443
      }
    },
    "cooperation": {
      "US": {
        "mean": 0.3367857142857143,
        "std": 0.01597590660453217
      },
      "Eurozone": {
        "mean": 0.5464285714285715,
        "std": 0.020139817399816705
      },
      "China": {
        "mean": 0.33107142857142857,
        "std": 0.03964285714285715
      },
      "Japan": {
        "mean": 0.5007142857142857,
        "std": 0.045675206510709054
      },
      "Canada": {
        "mean": 0.5525,
        "std": 0.027060495342163753
      },
      "Mexico": {
        "mean": 0.5385714285714285,
        "std": 0.030254026549353382
      },
      "UK": {
        "mean": 0.5210714285714285,
        "std": 0.031841844500978427
      },
      "Singapore": {
        "mean": 0.6214285714285714,
        "std": 0.02624453295839119
      }
    },
    "global_metrics": {
      "mean_cooperation": 0.4935714285714285
    }
  },
  "crisis_Mexico": {
    "payoffs": {
      "US": {
        "mean": -6.6398554573314685,
        "std": 0.8400535055539722
      },
      "Eurozone": {
        "mean": -7.401115304460488,
        "std": 0.8277499639867277
      },
      "China": {
        "mean": 3.415591065343721,
        "std": 0.24264486825134757
      },
      "Japan": {
        "mean": 13.045338830660754,
        "std": 0.7134597679574226
      },
      "Canada": {
        "mean": 2.393056766075347,
        "std": 0.09861126884214295
      },
      "Mexico": {
        "mean": 4.853975560832317,
        "std": 0.19742572588342167
      },
      "UK": {
        "mean": 3.186342410052988,
        "std": 0.15458955028430707
      },
      "Singapore": {
        "mean": 2.5863625934504553,
        "std": 0.06248748138685217
      }
    },
    "cooperation": {
      "US": {
        "mean": 0.6335714285714287,
        "std": 0.03308924234828705
      },
      "Eurozone": {
        "mean": 0.6024999999999999,
        "std": 0.025855268282483242
      },
      "China": {
        "mean": 0.3742857142857143,
        "std": 0.031655028294514775
      },
      "Japan": {
        "mean": 0.6328571428571429,
        "std": 0.03686710828732553
      },
      "Canada": {
        "mean": 0.6514285714285715,
        "std": 0.022200386097028665
      },
      "Mexico": {
        "mean": 0.6471428571428572,
        "std": 0.049636433294547665
      },
      "UK": {
        "mean": 0.6457142857142857,
        "std": 0.060457439912853794
      },
      "Singapore": {
        "mean": 0.7117857142857142,
        "std": 0.022191766261294266
      }
    },
    "global_metrics": {
      "mean_cooperation": 0.6124107142857144
    }
  },
  "cooperation_test_China": {
    "0.1": {
      "payoffs": {
        "US": {
          "mean": -6.753070921217324,
          "std": 0.5320351525827501
        },
        "Eurozone": {
          "mean": -7.94181206733847,
          "std": 0.36913583334989497
        },
        "China": {
          "mean": 3.4049600196248653,
          "std": 0.19190220003152952
        },
        "Japan": {
          "mean": 13.83944883910869,
          "std": 0.3712576944326703
        },
        "Canada": {
          "mean": 2.427948958347716,
          "std": 0.11539002415758769
        },
        "Mexico": {
          "mean": 4.620868441117738,
          "std": 0.23330795089041328
        },
        "UK": {
          "mean": 3.0853795194029607,
          "std": 0.0627993073791784
        },
        "Singapore": {
          "mean": 2.56884617679742,
          "std": 0.02982417930271143
        }
      },
      "cooperation": {
        "US": {
          "mean": 0.6292857142857142,
          "std": 0.014533564249554147
        },
        "Eurozone": {
          "mean": 0.6664285714285715,
          "std": 0.032623392133340666
        },
        "China": {
          "mean": 0.3385714285714286,
          "std": 0.021476137683389882
        },
        "Japan": {
          "mean": 0.6378571428571428,