{
  "metadata": {
    "collection_date": "2025-05-23 19:27:12",
    "data_source": "IBKR",
    "port": 4001,
    "pairs_collected": 2
  },
  "volatilities": {
    "EURUSD": {
      "average": 0.06821953305253896,
      "current": 0.09882036327986489,
      "min": 0.037275156466206404,
      "max": 0.13438927419729527
    },
    "GBPUSD": {
      "average": 0.06948294647977975,
      "current": 0.08313309960242955,
      "min": 0.03581498158107931,
      "max": 0.11025028364631115
    }
  },
  "correlations": {
    "EURUSD": {
      "EURUSD": 1.0,
      "GBPUSD": 0.8092348281185889
    },
    "GBPUSD": {
      "EURUSD": 0.8092348281185889,
      "GBPUSD": 1.0
    }
  },
  "current_rates": {
    "EURUSD": 1.13679,
    "GBPUSD": 1.354075
  }
}